-- ============================================================================
--  TASK MANAGEMENT SYSTEM  —  Supabase / PostgreSQL schema
--  แปลงมาจาก Google Apps Script (Google Sheets) เดิม
--
--  วิธีใช้:  เปิด Supabase  →  SQL Editor  →  New query  →  วางไฟล์นี้ทั้งหมด  →  Run
--  สคริปต์นี้รันซ้ำได้ (idempotent): ลบของเดิมแล้วสร้างใหม่ + ใส่ข้อมูลตัวอย่าง
-- ============================================================================

-- ── ล้างของเดิม (ถ้ามี) ────────────────────────────────────────────────────
drop table if exists tasks            cascade;
drop table if exists categories       cascade;
drop table if exists weight_jobs      cascade;
drop table if exists products         cascade;
drop table if exists loedaroon_po     cascade;
drop table if exists ot_employees     cascade;
drop table if exists ot_records       cascade;
drop table if exists emp_staff        cascade;
drop table if exists emp_attendance   cascade;
drop table if exists kpi_records      cascade;
drop table if exists wire_notes       cascade;
drop table if exists kpi_staff        cascade;
drop table if exists kpi_monthly      cascade;
drop table if exists wh_dashboard     cascade;
drop table if exists kpi_form         cascade;

-- ============================================================================
--  1) TASKS  (ตารางงานหลัก)
-- ============================================================================
create table tasks (
  seq           bigint generated by default as identity,
  id            text primary key,
  task          text default '',
  categories    text default '',
  notification  text default 'แจ้งล่วงหน้า',
  action_date   date,
  duration      text default 'รับ',
  doing         boolean default false,
  done          boolean default false,
  task_status   text default 'To Do',
  note          text default '',
  sales_name    text default '',
  created_date  timestamptz default now(),
  attachments   jsonb default '[]'::jsonb
);

-- ตัวอย่างงาน (Action Date อิงจากวันที่รัน เหมือนของเดิมที่ใช้ d(+N))
insert into tasks (id, task, categories, notification, action_date, duration, doing, done, task_status, note, sales_name) values
('TSEED001','รับเหล็กท่อดำ 101.6x4.0mm ยาว 6m 460 EA PO2602194','วัตถุดิบเพื่อการผลิต','แจ้งล่วงหน้า', current_date + 8, 'รับ', false,false,'To Do','',''),
('TSEED002','รับJ-Bolt M25 4000EA PO2605015','งานสายไฟฟ้า','แจ้งล่วงหน้า', current_date + 8, 'รับ', false,false,'To Do','',''),
('TSEED003','รับม้วนคอยล์ 3.2 มม. 30 ตัน PO2603115','วัตถุดิบเพื่อการผลิต','แจ้งล่วงหน้า', current_date + 4, 'รับ', false,false,'To Do','',''),
('TSEED004','รับวัสดุสิ้นเปลือง PO2605061','วัตถุดิบสิ้นเปลือง','แจ้งล่วงหน้า', current_date + 4, 'รับ', false,false,'To Do','',''),
('TSEED005','ส่งงานชุปโครงตัก 3 โครง + ยาโครง 2 ยา PR00280','บริการชุบกาวาไนซ์','แจ้งล่วงหน้า', current_date + 7, 'ส่ง', false,false,'To Do','MD BIO',''),
('TSEED006','รับแผ่น Bull Nose ชุบ 300 แผ่น PR01844','บริการชุบกาวาไนซ์','แจ้งล่วงหน้า', current_date + 4, 'รับ', false,false,'To Do','SET BIO',''),
('TSEED007','ส่งม้วน Bull Nose ชุบ 300 แผ่น PR01855','บริการชุบกาวาไนซ์','แจ้งล่วงหน้า', current_date + 6, 'ส่ง', false,false,'To Do','SET BIO',''),
('TSEED008','รับแบบเบอร์อ้ำวิเกาะ 6EA PO2605056 ทะ.มุกดาหาร','ใบสั่งซื้อ','แจ้งล่วงหน้า', current_date + 6, 'รับ', false,false,'To Do','',''),
('TSEED009','ส่งสติ๊กเกอร์ TC งาน ทะ.พิษณุโลกที่ 2 พัสดุ','งานสายไฟฟ้า','แจ้งล่วงหน้า', current_date + 1, 'ส่ง', false,false,'To Do','พัสดุ','K. นัก'),
('TSEED010','ส่งงาน ทะ.ชลบุรี่ 2 อยยสยน - ศรีราชา','งานการตัดเรา','แจ้งล่วงหน้า', current_date + 14, 'ส่ง', false,false,'To Do','6 อัตถา 1 คัน','K. เอิ้น');

-- ============================================================================
--  2) CATEGORIES  (หมวดหมู่งาน)
-- ============================================================================
create table categories (
  id    bigint generated by default as identity primary key,
  name  text not null
);
insert into categories (name) values
('งานการตัดเรา'),('งานป้าย'),('งานพ่วม'),('ใบสั่งซื้อ'),('วัตถุดิบเพื่อการผลิต'),
('วัตถุดิบสิ้นเปลือง'),('งานราคาฐาน'),('อื่นๆ'),('งานสายไฟฟ้า'),('บริการชุบกาวาไนซ์');

-- ============================================================================
--  3) WEIGHT_JOBS  (ตารางคำนวนน้ำหนักชิ้นงาน)
-- ============================================================================
create table weight_jobs (
  id            text primary key,
  date          date,
  destination   text default '',
  items         jsonb default '[]'::jsonb,
  total_weight  numeric default 0,
  note          text default '',
  created_date  timestamptz default now()
);

-- ============================================================================
--  4) PRODUCTS  (รายการสินค้า / น้ำหนักต่อหน่วย)
-- ============================================================================
create table products (
  id              text primary key,
  name            text not null,
  unit            text default '',
  weight_per_unit numeric default 0,
  note            text default '',
  created_date    timestamptz default now()
);
insert into products (id,name,unit,weight_per_unit,note) values
('P001','แผ่นกาส้อเสร็จ ยาว 4 เมตร หนา 3.2 มม.','แผ่น',53.47,''),
('P002','แผ่นกาส้อเสร็จ ยาว 4 เมตร หนา 2.5 มม.','แผ่น',43.03,''),
('P003','เสาการ์ดเรล ยาว 2 เมตร','เส้น',19.13,''),
('P004','น็อตติ้งกาส้อเสร็จ 5/8" x 1-1/4"','ชุด',0.18,''),
('P005','ประกับสะดึงเตา ตัวใหม่ 60x60','ตัว',0.17,''),
('P006','บริดจเอาท์สปิกาส้อเสร็จ','ตัว',3.58,''),
('P007','แผ่นประกับเชียงกาส้อเสร็จ','แผ่น',7.88,''),
('P008','แผ่นพยาบาลกำลัง','แผ่น',8.99,''),
('P009','น็อตล็อคกาส้อเสร็จ 5/8" x 2-1/2"','ชุด',0.22,''),
('P010','น็อตล็อคกาส้อเสร็จ 5/8" x 7-1/4"','ชุด',0.40,''),
('P011','สุ้มการ์ดเรล(เก่า)','ฐาน',610.00,''),
('P012','เสา 60 องศา เก่า','เส้น',20.00,''),
('P013','เสา 30 องศา เก่า','เส้น',20.00,''),
('P014','สุ้มการ์ดเรล(ใหม่)','เส้น',660.00,'');

-- ============================================================================
--  5) LOEDAROON_PO  (เลิศอรุณ – PO Tracking)
-- ============================================================================
create table loedaroon_po (
  id            text primary key,
  po_number     text default '',
  product       text default '',
  unit          text default '',
  order_qty     numeric default 0,
  calls         jsonb default '[]'::jsonb,
  note          text default '',
  created_date  timestamptz default now()
);
insert into loedaroon_po (id,po_number,product,unit,order_qty,calls,note) values
('LA001','PO2603068','ออกซิเจน 16x6','ท่อ',4,
 '[{"no":1,"date":"2026-03-17","qty":1},{"no":2,"date":"2026-03-25","qty":1},{"no":3,"date":"2026-04-22","qty":1}]','' ),
('LA002','PO2603068','คาร์บอน 25 KG','แพ็ค',30,
 '[{"no":1,"date":"2026-03-20","qty":5},{"no":2,"date":"2026-03-31","qty":7},{"no":3,"date":"2026-04-08","qty":3},{"no":4,"date":"2026-04-22","qty":3},{"no":5,"date":"2026-05-04","qty":6},{"no":6,"date":"2026-05-07","qty":4},{"no":7,"date":"2026-05-14","qty":2}]','' ),
('LA003','PO2603068','ออกซิเจน 1x7','ท่อ',5,
 '[{"no":1,"date":"2026-03-31","qty":1}]','' );

-- ============================================================================
--  6) OT_EMPLOYEES  (พนักงานสำหรับบันทึก OT)
-- ============================================================================
create table ot_employees (
  id            text primary key,
  name          text default '',
  surname       text default '',
  nickname      text default '',
  position      text default '',
  default_rate  numeric default 1,
  active        boolean default true,
  created_date  timestamptz default now()
);
insert into ot_employees (id,name,surname,nickname,position,default_rate,active) values
('EMP001','สมชาย','ใจดี','ชาย','พนักงาน',1,true),
('EMP002','สมหญิง','สวยงาม','หญิง','หัวหน้างาน',1.5,true),
('EMP003','วิชัย','มั่นคง','เวียง','ผู้ช่วยหัวหน้า',1,true);

-- ============================================================================
--  7) OT_RECORDS  (บันทึก OT รายวัน)
-- ============================================================================
create table ot_records (
  id            text primary key,
  emp_id        text,
  date          date,
  hours         numeric default 0,
  rate          numeric default 1,
  note          text default '',
  created_date  timestamptz default now()
);

-- ============================================================================
--  8) EMP_STAFF  (พนักงาน – ระบบบันทึกการเข้างาน)
-- ============================================================================
create table emp_staff (
  id             text primary key,
  name           text default '',
  surname        text default '',
  nickname       text default '',
  position       text default '',
  department     text default '',
  annual_leave   numeric default 0,
  personal_leave numeric default 0,
  sick_leave     numeric default 0,
  active         boolean default true,
  created_date   timestamptz default now(),
  start_date     date
);
insert into emp_staff (id,name,surname,nickname,position,department,annual_leave,personal_leave,sick_leave,active,start_date) values
('E001','สมชาย','ใจดี','ชาย','พนักงานผลิต','ฝ่ายผลิต',10,3,30,true,'2022-01-15'),
('E002','สมหญิง','สวยงาม','หญิง','หัวหน้างาน','ฝ่ายผลิต',15,5,30,true,'2020-06-01'),
('E003','วิชัย','มั่นคง','เวียง','ผู้ช่วยหัวหน้า','ฝ่ายบุคคล',10,3,30,true,'2023-04-10');

-- ============================================================================
--  9) EMP_ATTENDANCE  (บันทึกการเข้างานรายวัน)
--  Status: P=เข้างาน L=มาสาย AL=พักร้อน PL=ลากิจ SL=ลาป่วย A=ขาดงาน H=หยุด
-- ============================================================================
create table emp_attendance (
  id            text primary key,
  emp_id        text,
  date          date,
  status        text,
  hours         numeric default 8,
  note          text default '',
  created_date  timestamptz default now()
);

-- ============================================================================
-- 10) KPI_RECORDS  (KPI – รุ่นเดิม)
-- ============================================================================
create table kpi_records (
  id             text primary key,
  employee_name  text default '',
  position       text default '',
  department     text default '',
  eval_date      date,
  kpi_data       jsonb default '[]'::jsonb,
  pass_threshold numeric default 70,
  photo_url      text default '',
  created_date   timestamptz default now()
);

-- ============================================================================
-- 11) WIRE_NOTES  (Note สายไฟ – อาคเนย์ / เมิร์ค)
-- ============================================================================
create table wire_notes (
  id            text primary key,
  company       text default '',
  type          text default '',
  size          text default '',
  brand         text default '',
  length        text default '',
  note          text default '',
  created_date  timestamptz default now()
);
insert into wire_notes (id,company,type,size,brand,length,note) values
('WN001','อาคเนย์','NYY','2X2.5','VENINE','89',''),
('WN002','อาคเนย์','NYY','2x2.5','UNITED','370',''),
('WN003','อาคเนย์','NYY','2x2.5','UNITED','50',''),
('WN004','อาคเนย์','NYY','3x10','ENTERNAL','250',''),
('WN005','อาคเนย์','NYY','3x10','UNITED','300',''),
('WN006','อาคเนย์','CV','2x2.5','NATION','200',''),
('WN007','อาคเนย์','CV','2x2.5','UNITED','630',''),
('WN008','อาคเนย์','VCT','4x1','UNITED','50',''),
('WN009','อาคเนย์','THW','1x16','TRIPLE N','5',''),
('WN010','เมิร์ค','NYY','2X2.5','VENINE','89',''),
('WN011','เมิร์ค','CV','3x10','UNITED','250',''),
('WN012','เมิร์ค','VCT','4x4/4','S.SUPER','300','');

-- ============================================================================
-- 12) KPI_STAFF  (KPI พนักงาน v2 – ข้อมูลพนักงาน)
-- ============================================================================
create table kpi_staff (
  id            text primary key,
  name          text default '',
  surname       text default '',
  position      text default '',
  department    text default '',
  avatar_color  text default '#3b82f6',
  active        boolean default true,
  created_date  timestamptz default now(),
  start_date    date
);
insert into kpi_staff (id,name,surname,position,department,avatar_color,active,start_date) values
('E001','สมชาย','ใจดี','หัวหน้าคลังสินค้า','คลังสินค้า','#3b82f6',true,'2020-01-15'),
('E002','สมหญิง','สวยงาม','พนักงานคลังสินค้า','คลังสินค้า','#10b981',true,'2021-03-01'),
('E003','วิชัย','มั่นคง','พนักงานขนส่ง','ขนส่ง','#f59e0b',true,'2019-06-10'),
('E004','สุดา','รักดี','พนักงานคลังสินค้า','คลังสินค้า','#ef4444',true,'2022-09-01'),
('E005','ประสิทธิ์','เก่งงาน','คนขับรถ','ขนส่ง','#8b5cf6',true,'2018-11-20'),
('E006','มาลี','ขยันดี','พนักงานตรวจนับ','คลังสินค้า','#06b6d4',true,'2023-01-05'),
('E007','สมศักดิ์','ทำดี','พนักงานขนถ่าย','คลังสินค้า','#ec4899',true,'2020-07-15'),
('E008','นิภา','ใสใจ','พนักงานจัดส่ง','ขนส่ง','#84cc16',true,'2021-10-01'),
('E009','ชาญ','ณรงค์','พนักงานคลังสินค้า','คลังสินค้า','#f97316',true,'2022-04-01'),
('E010','กาญจนา','สุวรรณ','หัวหน้าขนส่ง','ขนส่ง','#6366f1',true,'2017-08-01');

-- ============================================================================
-- 13) KPI_MONTHLY  (KPI พนักงาน v2 – คะแนนรายเดือน)
-- ============================================================================
create table kpi_monthly (
  id             text primary key,
  emp_id         text,
  emp_name       text default '',
  month          int,
  year           int,
  kpi_data       jsonb default '[]'::jsonb,
  pass_threshold numeric default 70,
  created_date   timestamptz default now()
);

-- ============================================================================
-- 14) WH_DASHBOARD  (Dashboard คลังสินค้า – เก็บเป็น JSON ราย เดือน/ปี)
-- ============================================================================
create table wh_dashboard (
  id          text primary key,
  month       int,
  year        int,
  data        jsonb default '{}'::jsonb,
  updated_at  timestamptz default now()
);

-- ============================================================================
-- 15) KPI_FORM  (แบบฟอร์มรายงาน KPI FM-MR-03 – เก็บเป็น JSON ราย เดือน/ปี)
-- ============================================================================
create table kpi_form (
  id          text primary key,
  month       int,
  year        int,
  data        jsonb default '{}'::jsonb,
  updated_at  timestamptz default now()
);

-- ============================================================================
--  STORAGE BUCKET สำหรับไฟล์แนบ (แทน Google Drive เดิม)
-- ============================================================================
insert into storage.buckets (id, name, public)
values ('attachments', 'attachments', true)
on conflict (id) do nothing;

-- หมายเหตุเรื่องความปลอดภัย:
--   แอปนี้เข้าถึงข้อมูลผ่าน Vercel Serverless Function โดยใช้ service_role key เท่านั้น
--   (เบราว์เซอร์ไม่ได้ต่อ Supabase ตรง ๆ) จึงไม่เปิด RLS เพื่อความง่ายในการเริ่มต้น
--   ถ้าต้องการความปลอดภัยระดับ production ให้เปิด RLS:  alter table <name> enable row level security;
--   service_role key จะข้าม RLS ได้อยู่แล้ว แต่ anon key จะถูกบล็อก
-- ============================================================================
